{"py_b0_a0":{"0":[0.0023730469,0.0001724859,0.000103482,0.0000424531,0.0000317111,0.0000390326,0.0000337095,0.0000377328,0.0000839714,0.0000479378,0.0000558824,0.0000703875,0.0000955634,0.0001280233,0.0001523742,0.0002157712,0.0002756045,0.0004348649,0.0008150064,0.0029493845,0.0097664974,0.0146606876,0.0268794653,0.0395811124,0.0523079397,0.0652161214,0.0778754718,0.0901424174,0.1021999945,0.1140409444]},"pz_b0_a0":{"0":[0.0020640063,0.0008044557,0.0005827657,0.0003182982,0.0002355418,0.0002382946,0.0001859381,0.0001730194,0.0002808416,0.0001494477,0.0001427157,0.0001471389,0.0001649337,0.0001853925,0.0001881674,0.0002307061,0.0002591476,0.0003651333,0.0006195237,0.0020811282,0.006357173,0.0094977025,0.0174105923,0.0256291488,0.033818876,0.0421714737,0.050332844,0.0581460186,0.065845851,0.0735088792]},"py_b1_a0":{"0":[0.0046676798,0.0049383747,0.0039797074,0.0043158802,0.0041898409,0.0045924089,0.0046210854,0.0051159736,0.005656162,0.0059543274,0.0064097388,0.0070512417,0.0078202532,0.0090295091,0.0199924143,0.0449247198,0.0707169321,0.0960589852,0.1205486178,0.1435314922,0.1654750445,0.1860646853,0.2054596696,0.2238346537,0.2413351733,0.2574948509,0.2724398392,0.2862742414,0.299674707,0.3121452204]},"pz_b1_a0":{"0":[0.0005523827,0.0005771062,0.0004587762,0.0004915639,0.0004713395,0.0005106675,0.0005078303,0.0005560178,0.0006080966,0.0006332912,0.000674725,0.0007350294,0.0008078091,0.0009254734,0.0020895193,0.0049368861,0.0081416937,0.0115434198,0.015075191,0.0186144833,0.0222121462,0.0257911486,0.029355777,0.0329208438,0.0365026664,0.03997101,0.0433229676,0.0465542711,0.0498358383,0.0530108588]},"py_b0_a1":{"0":[0.0022863186,0.0002112343,0.0000739045,0.000062063,0.0000552605,0.0000281044,0.0000429018,0.0000384597,0.0000374271,0.0000455396,0.0000580809,0.0000690691,0.0000881387,0.0001102462,0.0001506686,0.0001869841,0.0004471371,0.0003977356,0.0007065036,0.0014183149,0.0028756642,0.004969688,0.0072391793,0.0095927892,0.0123100938,0.0143371869,0.0165391327,0.0188263114,0.0210818253,0.0232247949]},"pz_b0_a1":{"0":[0.0021507345,0.0009308554,0.0005067613,0.000423361,0.0003587381,0.0002008948,0.0002370566,0.0001876031,0.0001547502,0.0001527344,0.0001579204,0.0001538814,0.0001617334,0.0001686023,0.0001952881,0.0002081252,0.0004508523,0.0003483187,0.0005694608,0.0010926921,0.002240941,0.0040989994,0.0063743688,0.0089710603,0.0114648736,0.0138501394,0.0167724953,0.0200452905,0.0237116107,0.0276799904]},"py_b1_a1":{"0":[0.0046454788,0.0049101625,0.0039559801,0.004284363,0.0041535599,0.0045451264,0.0045641513,0.0050425332,0.0052366642,0.0058363845,0.0062569412,0.0068485718,0.0076464207,0.008622529,0.0109292191,0.0252498402,0.0386199643,0.0513802667,0.0632282037,0.074560114,0.0851921999,0.0949005938,0.1040243795,0.1126562467,0.1205635892,0.1278071035,0.1347593578,0.1411605738,0.1470634506,0.1525136273]},"pz_b1_a1":{"0":[0.0005745837,0.0006036686,0.0004784492,0.0005161973,0.0004967534,0.0005423494,0.0005419693,0.0005985633,0.0006204268,0.0006929736,0.0007444685,0.0008188942,0.0009220855,0.001055086,0.0013948288,0.0041008201,0.0074915041,0.0115190801,0.0159780976,0.0209362009,0.0262474823,0.0316903296,0.0373718872,0.0433016478,0.0492346856,0.0551222759,0.0612456747,0.0673057207,0.0732814484,0.07915424]}}