{"py_e0.01_a0":{"0":[0.000000022,0.0000108905,0.0000224424,0.0000403472,0.0000672327,0.0001201444,0.0001491599,0.0002506872,0.0004924241,0.0015035482,0.0049212743,0.0057264938,0.0112732498,0.0169154077,0.0226094342,0.0283346869,0.0339573095,0.0396282586,0.0451876578,0.0507821641]},"pz_e0.01_a0":{"0":[0.0001210617,0.0001252511,0.0001460661,0.0001909109,0.0002550032,0.0003847448,0.0004163564,0.0006235373,0.0011091587,0.0031103659,0.0094882037,0.0102924788,0.019191031,0.0273703423,0.0348860154,0.0418134342,0.0480422009,0.0538820253,0.0591644194,0.064153383]},"py_e0.5_a0":{"0":[0.0000349628,0.0001599535,0.0008101733,0.0067520921,0.0125781986,0.0218722473,0.0310399399,0.0399905209,0.0486073933,0.0570066988,0.0650183557,0.0726435652,0.0798926212,0.0870391534,0.0936027472,0.1001315523,0.1063818969,0.1123701634,0.1181111023,0.1239489638]},"pz_e0.5_a0":{"0":[0.0001754392,0.0004463454,0.0017544098,0.0127141108,0.021151635,0.0339280749,0.0448389495,0.0542044922,0.0621792398,0.0691788249,0.0751333415,0.0801904142,0.0844764805,0.0884237231,0.0914879698,0.0944013874,0.0968999221,0.0990373072,0.1008584618,0.1027567968]},"py_e0.01_a1":{"0":[0.0000000276,0.0000121476,0.0000239592,0.0000415113,0.0000668364,0.0001024917,0.0001946252,0.0002630869,0.0004747264,0.0014174366,0.0033812026,0.0051690895,0.0068886053,0.0102221882,0.0136397106,0.0171054503,0.0205689085,0.0240801371,0.0275079024,0.0309051015]},"pz_e0.01_a1":{"0":[0.0001440848,0.0001399286,0.0001561372,0.0001966848,0.0002538961,0.0003288017,0.0005450041,0.0006566834,0.0010751327,0.0029746876,0.0067019081,0.0096858357,0.0122627342,0.0175851691,0.0227185517,0.0276316389,0.0322657144,0.0367420811,0.0408536617,0.0447222148]},"py_e0.5_a1":{"0":[0.0000479383,0.0001536347,0.0006332212,0.0034802514,0.0070463108,0.0105251561,0.0150998459,0.0196153974,0.0241538933,0.0286011902,0.0330963681,0.0374186265,0.0416505641,0.0457859795,0.049821575,0.0539137606,0.0577605771,0.0616781402,0.06534049,0.0690902654]},"pz_e0.5_a1":{"0":[0.0002466424,0.0004317584,0.0013923266,0.0068894556,0.0128758192,0.0180535365,0.0248322017,0.0309877416,0.0367843981,0.0420632997,0.0471705007,0.0517069427,0.0558843406,0.0597257535,0.063254464,0.0667953938,0.0697870221,0.0728495691,0.0753838393,0.0780408796]}}