{"py_e0.5_a0":{"0":[0.0005032844,0.000002033,0.0000255909,0.0004557599,0.0039369289,0.0079774254,0.0126551466,0.0176566259,0.022694086,0.0279774893]},"pz_e0.5_a0":{"0":[0.0018697625,0.0000633284,0.0001254201,0.0012240364,0.010193766,0.0203607039,0.0322893658,0.0452021765,0.0588482577,0.0726907883]},"py_e1_a0":{"0":[0.0005032844,0.0000356359,0.0073569842,0.0251307141,0.045451161,0.0664957652,0.0876688064,0.1081974582,0.1277216302,0.146069382]},"pz_e1_a0":{"0":[0.0018697625,0.0000705283,0.0057554992,0.0196071826,0.0359210711,0.0532640457,0.0704751162,0.0871196396,0.1028954573,0.117664454]},"py_e0.5_a1":{"0":[0.000381529,0.0000006725,0.0000019153,0.0000090635,0.0000658792,0.0002509579,0.0007459743,0.0013178024,0.0020061362,0.0027799632]},"pz_e0.5_a1":{"0":[0.0019915178,0.0000988812,0.0000854432,0.0000583823,0.0002229433,0.0009276522,0.0029015749,0.0058887465,0.009945512,0.0147779662]},"py_e1_a1":{"0":[0.000381529,0.0000038346,0.0001530727,0.0013452541,0.0039896182,0.0072099759,0.0108271251,0.0147004673,0.018757217,0.0229366581]},"pz_e1_a1":{"0":[0.0019915178,0.000068235,0.0001863774,0.0020886381,0.0078770571,0.0164928037,0.0267877635,0.0380942146,0.0500857364,0.0625240121]}}