{"py_beta0":{"0":[0.0022863186,0.0000483575,0.0000235911,0.0000144671,0.0000133281,0.0000170124,0.0000320771,0.0000298048,0.0000437903,0.0000646047,0.0001317296,0.0001901892,0.0004929042,0.0012915301,0.0028944872,0.00461063,0.0062731941,0.0078973684,0.0094626687,0.0109595611]},"pz_beta0":{"0":[0.0021507345,0.0004950488,0.0003230469,0.0002144746,0.0001727237,0.0001715697,0.0002396539,0.0001760763,0.0002016424,0.0002406584,0.0004194022,0.0005315235,0.0012813406,0.0032916021,0.007792887,0.0132855168,0.019179349,0.0254804509,0.0320178545,0.0387281389]},"py_beta1":{"0":[0.0046454788,0.0037168805,0.0043526851,0.0053635213,0.0067633737,0.0112838968,0.0440642376,0.0717631413,0.0943862869,0.1127586169,0.1275926524,0.1398420448,0.1499006586,0.1580607276,0.1647440552,0.1704429822,0.1753313273,0.179289774,0.1827329448,0.1856359893]},"pz_beta1":{"0":[0.0005745837,0.0005287339,0.0007041365,0.0009707093,0.0013555953,0.0025777771,0.0145769699,0.0303164394,0.0478255688,0.0659842375,0.0839946129,0.1017952223,0.1190022528,0.1352073033,0.1504204441,0.1651646476,0.1794990224,0.1925903413,0.2053763927,0.2174690686]}}